Actual,Predicted,Residual,Absolute_Error
401.0331352191061,402.8623005077293,-1.8291652886231873,1.8291652886231873
534.7771880994133,542.5332570829298,-7.75606898351657,7.75606898351657
418.602742095224,426.62011918113444,-8.017377085910425,8.017377085910425
503.9783790525795,501.9138636337125,2.0645154188670176,2.0645154188670176
410.06961105998295,409.66665509696395,0.4029559630189965,0.4029559630189965
557.6082620533542,569.9215503799912,-12.313288326637007,12.313288326637007
538.941974531203,531.5042352943112,7.43773923689173,7.43773923689173
514.3365582674007,505.94309187989916,8.393466387501576,8.393466387501576
408.62018782983785,408.1037860696679,0.5164017601699697,0.5164017601699697
475.01540708775025,473.4594292770821,1.5559778106681392,1.5559778106681392
427.19938489532814,441.1866881159451,-13.98730322061698,13.98730322061698
434.0216997527185,424.52463470747944,9.497065045239083,9.497065045239083
411.1869635742789,424.8334169355926,-13.646453361313718,13.646453361313718
533.5149352552407,527.1206150760804,6.3943201791603315,6.3943201791603315
447.3690271993314,430.879855328252,16.489171871079407,16.489171871079407
407.5421680134348,423.4706204696695,-15.928452456234709,15.928452456234709
573.8474377162277,575.8751517985859,-2.027714082358216,2.027714082358216
497.58667130044074,484.65633310247404,12.930338197966705,12.930338197966705
466.4211988217437,457.7789697480698,8.642229073673889,8.642229073673889
467.8009243667916,481.5874231081657,-13.78649874137409,13.78649874137409
510.4013884525048,501.56110992779304,8.840278524711778,8.840278524711778
510.50147847479735,513.1281518802982,-2.626673405500867,2.626673405500867
511.9798599920658,507.4916689869315,4.488191005134354,4.488191005134354
640.5840618984408,646.6337734291669,-6.049711530726086,6.049711530726086
444.2859074976435,449.7005058566285,-5.4145983589850175,5.4145983589850175
502.77107456549606,496.2629048356439,6.50816972985217,6.50816972985217
551.6201454762476,556.1852377617581,-4.565092285510559,4.565092285510559
548.5185292758069,554.7868416086337,-6.268312332826781,6.268312332826781
390.1032729724755,399.1582783957142,-9.055005423238697,9.055005423238697
330.5944460341002,325.16921283552074,5.425233198579463,5.425233198579463
535.3216100850124,532.6273265928442,2.6942834921682106,2.6942834921682106
478.600915944333,477.7302541514789,0.8706617928540936,0.8706617928540936
499.1401524490539,500.764915351122,-1.6247629020680847,1.6247629020680847
298.76200786180766,305.0997137432962,-6.337705881488546,6.337705881488546
487.54750486747207,505.4681190239853,-17.92061415651324,17.92061415651324
498.63559848917595,483.5206944448339,15.11490404434204,15.11490404434204
512.165866388158,519.0946412214576,-6.928774833299599,6.928774833299599
444.96655165329264,437.7554973705305,7.21105428276212,7.21105428276212
468.6684655991273,456.25005244834415,12.418413150783124,12.418413150783124
483.15972078451705,470.6351787574754,12.524542027041662,12.524542027041662
474.5323294398898,494.1120780488077,-19.579748608917896,19.579748608917896
439.074766741645,444.6554923868996,-5.580725645254574,5.580725645254574
515.5024796636585,508.57079732357647,6.931682340082034,6.931682340082034
485.9231305248518,500.88197484331704,-14.958844318465253,14.958844318465253
491.07322367951974,488.35128728278437,2.721936396735373,2.721936396735373
544.7798637193825,535.3402521821067,9.439611537275823,9.439611537275823
587.9510539684005,594.5830177252765,-6.631963756875962,6.631963756875962
522.3374046069357,513.5947440770512,8.74266052988446,8.74266052988446
275.9184206503857,279.69877702096596,-3.7803563705802503,3.7803563705802503
436.51560572936256,432.71590834883614,3.7996973805264247,3.7996973805264247
418.1500810968496,421.06976163945023,-2.919680542600645,2.919680542600645
493.719192978176,480.94327496261326,12.775918015562752,12.775918015562752
573.3062222574563,584.5948188827531,-11.288596625296805,11.288596625296805
608.2718166151668,608.6173405919583,-0.34552397679146907,0.34552397679146907
545.9454921414049,564.423129909627,-18.477637768222166,18.477637768222166
483.6733080190456,494.4722450405159,-10.798937021470294,10.798937021470294
424.18549428888633,393.9559331782966,30.229561110589714,30.229561110589714
452.31567548003545,456.1132135235398,-3.797538043504346,3.797538043504346
568.7175759305223,572.9222841674457,-4.204708236923352,4.204708236923352
488.7860610939056,499.2738569320827,-10.487795838177135,10.487795838177135
510.661792219672,512.4297354528821,-1.7679432332101328,1.7679432332101328
376.49684071853704,391.56170304914235,-15.064862330605308,15.064862330605308
473.360495571661,479.6070588742907,-6.246563302629738,6.246563302629738
479.2474167840931,481.05023229413723,-1.8028155100441268,1.8028155100441268
475.759067788328,474.7192611672042,1.0398066211238302,1.0398066211238302
537.8461952695957,546.3771604706419,-8.530965201046229,8.530965201046229
436.7205558562188,430.11675694191854,6.603798914300285,6.603798914300285
593.915002968289,601.9141814335067,-7.99917846521771,7.99917846521771
421.32663125695143,422.2650851610101,-0.9384539040586901,0.9384539040586901
503.1750851912004,493.1162245448588,10.0588606463416,10.0588606463416
532.1274491097012,528.1061486306785,4.0213004790226705,4.0213004790226705
592.6884532021675,581.0663084155594,11.622144786608033,11.622144786608033
616.6602860166826,620.6077449777572,-3.9474589610746307,3.9474589610746307
503.2173931191067,512.4783860276943,-9.260992908587639,9.260992908587639
404.8245288726869,411.21474640102633,-6.390217528339406,6.390217528339406
494.6871558102853,498.0709535050855,-3.3837976948002506,3.3837976948002506
479.17285149109694,461.44587681433177,17.726974676765167,17.726974676765167
451.575685159493,445.63453257840956,5.941152581083429,5.941152581083429
438.30370784642975,447.6389899816843,-9.335282135254545,9.335282135254545
543.1326262891694,534.8103049464648,8.322321342704527,8.322321342704527
595.8038188761142,598.8509101597149,-3.0470912836007074,3.0470912836007074
596.4301726172283,619.4655496063667,-23.0353769891384,23.0353769891384
487.55545805790155,494.4336223237558,-6.878164265854252,6.878164265854252
666.125591725772,672.2442836969406,-6.118691971168573,6.118691971168573
542.4124767293989,532.1551651261941,10.257311603204812,10.257311603204812
449.0703194428044,438.4174068055563,10.652912637248107,10.652912637248107
517.1651355939779,514.8090717860086,2.3560638079692353,2.3560638079692353
532.724805462904,546.7389354761108,-14.014130013206795,14.014130013206795
319.9288698031936,331.7306907174136,-11.801820914220002,11.801820914220002
530.3624688854229,510.33949236468175,20.022976520741167,20.022976520741167
547.1907493518986,536.2166055551152,10.974143796783437,10.974143796783437
469.38314617236114,499.50696031299526,-30.123814140634124,30.123814140634124
384.3260571375157,375.8691979196017,8.45685921791403,8.45685921791403
559.1990479544186,573.6195218468308,-14.420473892412247,14.420473892412247
475.07162989966184,479.18212334462305,-4.110493444961207,4.110493444961207
593.1564014822196,588.3286294333789,4.827772048840757,4.827772048840757
487.3793060170291,485.18137257332705,2.197933443702027,2.197933443702027
478.7193568742153,455.93070090712627,22.788655967089028,22.788655967089028
392.9922559140308,398.67820720821874,-5.68595129418793,5.68595129418793
461.7807421962299,451.7086910533492,10.072051142880696,10.072051142880696
